STUDENT ID,Student Age,Sex,Graduated high-school type,Scholarship type,Additional work,Regular artistic or sports activity,Do you have a partner,Total salary if available,Transportation to the university,Accommodation type in Cyprus,Mother’s education,Father’s education ,Number of sisters/brothers,Parental status,Mother’s occupation,Father’s occupation,Weekly study hours,Reading frequency,Reading frequency.1,Attendance to the seminars/conferences related to the department,Impact of your projects/activities on your success,Attendance to classes,Preparation to midterm exams 1,Preparation to midterm exams 2,Taking notes in classes,Listening in classes,Discussion improves my interest and success in the course,Flip-classroom,Cumulative grade point average in the last semester (/4.00),Expected Cumulative grade point average in the graduation (/4.00),COURSE ID,GRADE
STUDENT1,2,2,3,3,1,2,2,1,1,1,1,2,3,1,2,5,3,2,2,1,1,1,1,1,3,2,1,2,1,1,1,1
STUDENT2,2,2,3,3,1,2,2,1,1,1,2,3,2,1,2,1,2,2,2,1,1,1,1,1,3,2,3,2,2,3,1,1
STUDENT3,2,2,2,3,2,2,2,2,4,2,2,2,2,1,2,1,2,1,2,1,1,1,1,1,2,2,1,1,2,2,1,1
STUDENT4,1,1,1,3,1,2,1,2,1,2,1,2,5,1,2,1,3,1,2,1,1,1,1,2,3,2,2,1,3,2,1,1
STUDENT5,2,2,1,3,2,2,1,3,1,4,3,3,2,1,2,4,2,1,1,1,1,1,2,1,2,2,2,1,2,2,1,1
STUDENT6,2,2,2,3,2,2,2,2,1,1,3,3,2,1,2,3,1,1,2,1,1,1,1,1,1,2,1,2,4,4,1,2
STUDENT7,1,2,2,4,2,2,2,1,1,3,1,3,1,1,2,4,2,2,2,2,1,2,1,1,3,3,3,3,4,4,1,5
STUDENT8,1,1,2,3,1,1,1,2,2,3,4,3,1,1,4,3,1,2,2,1,1,1,3,1,3,2,2,1,1,1,1,2
STUDENT9,2,1,3,3,2,1,1,1,1,3,2,4,2,1,2,4,1,2,2,1,1,1,1,1,3,2,2,2,4,3,1,5
STUDENT10,2,1,2,3,2,2,1,3,4,2,1,2,3,1,2,3,2,2,2,1,1,2,1,1,2,2,2,2,1,2,1,0
STUDENT11,1,1,1,3,2,2,2,3,2,3,3,4,2,1,3,2,1,1,1,1,1,2,1,1,2,2,2,2,1,1,1,2
STUDENT12,1,1,1,4,1,1,2,4,2,3,5,5,1,1,3,2,3,3,3,1,3,1,3,2,3,1,3,3,4,3,1,0
STUDENT13,1,1,1,4,2,2,2,1,1,1,3,5,4,2,2,2,3,2,2,1,1,1,1,1,2,2,2,3,4,2,1,0
STUDENT14,2,1,2,5,2,2,2,1,1,1,2,2,2,1,2,3,1,2,1,1,1,2,1,1,3,2,3,3,4,2,1,1
STUDENT15,3,2,2,4,1,1,2,3,4,2,3,1,2,1,4,1,2,2,2,1,1,1,1,1,2,3,2,1,4,4,1,2
STUDENT16,2,2,2,3,2,2,2,1,1,2,4,4,2,1,3,1,2,2,2,2,3,2,1,1,3,2,2,3,2,2,1,2
STUDENT17,1,1,2,5,2,1,2,1,1,1,2,2,4,1,2,3,2,2,2,1,1,2,1,1,3,2,3,3,4,3,1,1
STUDENT18,2,2,2,3,2,2,2,1,1,1,2,2,2,1,2,1,2,2,2,2,1,2,1,1,2,2,2,2,2,2,1,2
STUDENT19,1,1,2,4,2,2,2,3,1,1,2,2,5,1,2,5,5,3,2,2,1,2,1,1,3,1,3,3,3,3,1,2
STUDENT20,1,2,1,3,2,2,1,2,2,2,3,3,3,1,2,4,4,2,2,1,2,1,1,1,3,2,2,3,2,3,1,3
STUDENT21,1,2,2,5,1,2,1,1,4,2,3,3,3,2,2,3,4,2,2,2,1,1,1,2,3,1,2,3,4,4,1,1
STUDENT22,1,2,2,5,2,2,1,1,4,2,2,2,4,1,2,3,3,2,2,1,1,1,1,1,3,1,3,3,3,3,1,1
STUDENT23,2,2,2,3,1,2,1,1,1,1,1,1,4,2,2,4,3,3,3,1,1,1,1,2,3,1,2,3,3,3,1,3
STUDENT24,3,2,2,2,1,1,2,5,1,1,1,4,3,1,2,1,3,2,3,1,1,2,1,1,3,2,3,3,3,3,1,1
STUDENT25,2,2,2,3,2,2,2,2,1,1,3,1,3,1,2,4,1,2,2,1,1,1,1,1,2,1,3,2,4,4,1,2
STUDENT26,2,2,2,3,2,2,1,1,1,2,1,4,3,1,2,4,2,2,2,1,1,1,1,1,2,1,3,2,1,2,1,3
STUDENT27,2,2,2,3,2,1,1,1,1,1,4,4,4,1,2,4,2,3,2,1,1,1,1,1,3,3,3,2,2,1,1,1
STUDENT28,1,2,1,3,1,2,2,1,1,1,1,1,4,1,2,3,3,2,2,1,1,2,1,1,3,1,2,1,2,1,1,1
STUDENT29,3,2,2,3,2,2,1,1,4,2,2,2,4,1,2,1,2,2,2,1,1,1,1,1,3,2,3,3,5,4,1,3
STUDENT30,2,2,3,4,2,2,2,1,4,2,3,3,2,1,4,1,2,2,2,1,1,1,1,1,3,2,2,2,4,3,1,5
STUDENT31,2,2,2,5,1,1,1,1,1,2,1,1,5,1,2,4,2,2,2,1,1,1,2,1,2,3,3,3,5,4,1,5
STUDENT32,3,2,2,3,1,2,2,1,1,2,1,2,4,1,2,3,2,2,3,1,1,1,1,1,3,3,2,3,4,3,1,3
STUDENT33,2,1,2,3,2,2,2,2,1,1,2,2,2,1,2,1,2,2,2,1,1,2,1,1,2,2,2,1,2,3,1,1
STUDENT34,2,1,2,3,1,2,1,1,1,1,1,2,5,1,2,3,2,1,2,1,1,1,1,1,1,3,2,2,2,3,1,2
STUDENT35,1,2,1,3,2,2,1,2,1,1,3,3,3,1,2,4,2,1,1,1,1,2,1,1,2,2,3,1,4,1,1,2
STUDENT36,1,2,1,4,2,2,2,3,1,1,1,2,5,1,2,3,2,2,2,1,1,2,1,1,2,1,3,1,1,1,1,1
STUDENT37,2,2,3,4,1,2,1,3,1,1,1,1,2,2,4,3,1,1,3,1,1,2,2,1,2,1,2,1,4,3,1,2
STUDENT38,2,2,2,3,1,1,1,2,2,3,3,3,1,1,2,3,2,2,2,1,1,1,1,1,3,2,3,3,5,4,1,1
STUDENT39,2,2,2,5,2,2,2,1,1,1,3,3,1,1,2,4,3,2,2,1,1,1,2,1,2,2,2,2,4,3,1,2
STUDENT40,2,1,2,3,2,2,1,1,1,2,1,3,1,1,2,4,1,2,1,1,1,1,1,1,2,2,2,3,2,1,1,1
STUDENT41,1,2,1,3,2,2,2,2,1,1,2,3,1,1,2,5,1,2,2,1,1,1,1,1,3,1,2,1,2,3,1,1
STUDENT42,3,2,2,3,1,2,2,2,1,2,1,4,2,1,2,2,3,2,2,1,1,2,1,1,3,2,2,3,4,3,1,1
STUDENT43,2,2,2,3,2,1,2,1,4,2,4,4,2,1,3,1,2,2,1,1,1,1,1,1,2,1,3,1,2,3,1,1
STUDENT44,1,2,2,3,2,2,1,1,1,1,2,3,3,1,2,1,2,2,2,1,1,2,1,1,3,1,3,3,3,2,1,4
STUDENT45,2,2,3,3,2,2,1,1,1,1,1,3,2,1,2,5,2,2,2,1,1,1,2,1,3,2,2,1,4,3,1,1
STUDENT46,1,2,2,3,2,2,1,4,1,1,2,3,5,1,2,4,3,2,2,1,1,1,1,1,2,2,2,1,4,3,1,3
STUDENT47,2,2,2,3,2,2,1,1,1,1,1,2,3,1,2,5,2,2,2,1,1,1,1,1,2,2,3,1,4,2,1,5
STUDENT48,2,2,2,3,2,2,1,1,1,2,4,3,1,1,5,4,2,2,2,1,1,2,1,1,2,1,3,2,5,3,1,3
STUDENT49,1,2,2,3,2,1,1,1,1,2,3,3,3,1,2,2,1,1,2,1,1,1,1,1,3,2,3,2,2,2,1,1
STUDENT50,1,2,1,4,2,2,2,2,4,1,2,3,2,1,2,4,2,2,2,1,1,1,2,1,2,2,2,1,3,2,1,2
STUDENT51,2,2,2,3,2,2,1,2,2,1,1,1,2,1,2,3,2,2,2,1,1,2,1,1,2,2,2,3,3,3,1,1
STUDENT52,2,1,3,3,1,1,2,1,1,1,1,2,5,1,2,1,1,2,2,1,1,2,1,1,2,3,3,1,3,3,1,4
STUDENT53,2,1,2,3,1,2,2,2,1,1,1,3,4,1,2,1,3,1,1,1,1,1,1,2,2,2,2,1,4,2,1,1
STUDENT54,2,1,2,3,2,1,2,2,1,1,1,1,5,1,2,1,1,2,2,1,1,2,1,1,2,2,2,2,3,2,1,5
STUDENT55,2,2,2,3,2,2,2,3,4,2,1,4,2,1,4,2,2,1,1,1,1,1,1,2,3,1,3,1,5,3,1,3
STUDENT56,3,2,2,3,1,2,1,4,1,2,1,1,5,3,2,1,1,2,2,1,1,1,3,3,1,3,3,3,5,4,1,3
STUDENT57,2,2,2,3,2,1,2,1,1,1,1,3,5,1,2,4,4,2,3,1,1,1,1,2,3,2,3,3,5,4,1,5
STUDENT58,2,2,2,3,1,1,2,1,1,1,4,2,3,1,3,3,2,3,2,1,1,1,1,1,3,2,3,1,5,4,1,4
STUDENT59,3,2,2,3,2,2,1,3,1,1,1,3,5,2,2,1,3,2,2,1,1,1,1,1,3,2,2,2,5,4,1,3
STUDENT60,2,2,2,3,2,1,1,1,1,1,4,4,3,1,2,3,3,2,2,1,1,1,1,1,3,3,2,2,4,3,1,5
STUDENT61,2,1,2,3,2,2,2,5,2,1,6,1,3,1,2,3,1,2,2,1,1,1,1,1,1,3,3,1,2,1,1,2
STUDENT62,1,2,3,3,2,1,2,2,1,2,1,3,4,1,2,3,3,1,2,1,3,2,1,1,3,2,2,2,4,4,1,5
STUDENT63,2,2,2,3,2,2,2,1,4,2,2,3,2,1,2,4,3,2,2,1,1,1,1,1,2,3,3,2,5,4,1,3
STUDENT64,2,2,2,4,2,2,1,2,1,1,1,3,3,1,2,1,1,1,2,1,1,1,3,1,2,2,2,1,3,3,1,5
STUDENT65,2,2,3,5,2,2,2,1,1,1,2,2,2,1,2,1,1,2,2,1,3,1,2,1,3,2,3,1,4,3,1,3
STUDENT66,1,2,2,3,2,2,1,3,1,1,2,4,3,1,2,4,1,1,2,1,3,2,2,1,2,1,2,1,2,2,1,2
STUDENT67,2,2,2,3,2,2,1,1,1,1,3,2,5,1,2,5,2,2,2,1,1,1,1,1,3,2,2,3,5,4,2,5
STUDENT68,2,2,3,3,1,1,2,3,1,2,3,4,4,2,2,2,2,2,2,1,1,2,1,1,2,2,1,2,2,3,2,1
STUDENT69,2,1,2,4,1,2,2,1,1,1,2,3,5,3,2,5,1,2,2,1,1,2,1,1,2,2,3,2,4,3,3,5
STUDENT70,2,1,2,4,2,2,1,1,1,1,2,2,2,1,2,3,1,1,2,1,1,1,2,1,3,2,3,1,3,2,3,5
STUDENT71,1,2,2,4,2,1,1,1,1,1,4,3,1,2,4,2,2,2,2,1,1,1,1,1,2,2,3,1,5,4,3,7
STUDENT72,1,1,3,4,2,2,2,1,1,3,1,3,5,1,2,4,2,2,1,1,1,1,1,1,2,3,3,3,2,2,3,6
STUDENT73,1,2,2,3,2,1,1,1,1,2,1,1,2,1,2,3,2,3,3,1,1,1,1,1,2,2,3,2,3,3,3,6
STUDENT74,2,2,2,4,2,2,2,1,1,2,1,3,4,1,2,4,3,1,1,2,1,1,1,2,3,2,3,1,5,3,3,6
STUDENT75,1,2,2,4,2,2,2,1,1,1,2,2,3,1,2,1,2,2,2,2,1,1,2,1,3,2,3,2,3,3,3,7
STUDENT76,1,2,2,4,2,1,2,1,1,3,1,5,4,1,2,2,3,3,1,1,1,1,1,1,2,2,2,2,4,1,3,7
STUDENT77,2,2,1,2,2,1,2,2,1,1,5,4,3,1,4,3,2,3,2,1,1,1,3,2,2,1,2,3,2,2,4,4
STUDENT78,1,2,1,2,2,2,1,2,2,2,6,5,2,1,4,2,2,2,2,2,1,2,3,1,2,2,2,2,1,1,4,7
STUDENT79,2,1,2,4,1,1,2,1,1,1,1,3,4,1,2,4,2,3,3,1,1,2,1,1,3,3,2,2,2,2,4,4
STUDENT80,2,2,2,4,2,2,2,1,1,1,1,3,4,1,2,4,1,2,2,1,3,1,1,1,3,3,3,2,4,4,4,3
STUDENT81,2,1,2,3,1,2,1,1,2,1,1,1,2,1,2,3,1,1,1,1,3,1,1,1,2,3,1,2,4,2,5,4
STUDENT82,3,2,2,3,1,2,2,1,1,2,1,2,4,1,2,3,2,2,2,1,1,1,1,1,3,3,2,3,5,4,5,3
STUDENT83,2,2,2,4,1,2,1,2,1,1,3,1,3,1,2,3,2,2,3,1,1,1,1,1,3,3,2,3,4,3,5,7
STUDENT84,2,2,3,3,2,2,2,3,1,1,4,4,2,1,1,2,1,2,2,1,1,1,3,1,3,2,3,3,1,2,5,7
STUDENT85,3,2,3,3,1,2,1,3,1,2,4,2,5,3,2,1,1,2,2,1,1,1,3,3,3,3,3,3,5,4,5,7
STUDENT86,1,2,2,5,2,2,2,2,1,1,1,1,5,1,2,1,1,1,1,1,1,1,1,1,3,2,3,3,4,3,5,4
STUDENT87,2,2,2,4,2,2,2,1,4,2,3,3,2,1,4,1,2,2,2,1,1,1,1,1,3,2,3,2,5,4,5,5
STUDENT88,2,2,2,3,2,1,2,2,1,1,3,4,2,1,1,1,2,2,2,1,1,1,2,1,2,2,2,2,1,1,6,6
STUDENT89,1,2,2,4,2,1,1,1,1,1,4,4,1,1,3,2,2,2,2,1,1,1,1,2,3,1,2,3,5,3,6,6
STUDENT90,2,2,2,3,2,2,2,1,1,1,3,5,3,1,2,2,2,2,2,1,1,2,1,1,3,1,3,3,3,2,6,6
STUDENT91,2,1,2,3,2,1,1,1,2,3,3,3,1,1,4,2,2,2,2,1,1,1,1,1,2,3,2,3,4,2,6,6
STUDENT92,2,2,2,5,1,1,1,1,1,2,4,1,5,1,2,3,2,2,2,1,1,1,1,1,2,3,3,2,5,4,6,6
STUDENT93,1,2,2,3,2,2,2,1,1,1,3,4,4,1,3,2,3,2,2,1,1,1,1,1,3,2,3,3,2,2,6,7
STUDENT94,1,2,2,1,1,2,1,1,1,2,1,2,4,1,2,3,5,2,1,1,1,1,1,1,3,3,3,2,2,2,6,4
STUDENT95,2,2,2,3,2,2,1,1,1,1,3,2,5,1,2,5,2,2,3,1,1,1,1,1,3,2,2,3,5,4,6,6
STUDENT96,1,2,3,5,1,1,1,1,2,3,3,4,1,1,2,1,2,2,3,1,1,1,1,1,3,2,2,1,4,3,7,5
STUDENT97,1,2,2,4,2,1,1,1,2,3,2,2,3,1,4,2,2,3,2,1,1,1,1,1,3,2,3,2,2,3,7,7
STUDENT98,1,2,2,4,1,2,2,1,1,3,3,3,4,1,2,3,2,2,2,1,1,1,1,1,3,2,2,1,3,3,7,6
STUDENT99,1,2,2,4,2,1,2,1,4,2,2,4,2,1,2,5,2,3,2,1,1,1,1,1,3,1,2,1,4,4,7,7
STUDENT100,2,2,2,3,2,2,2,1,4,2,3,4,2,1,2,1,3,2,2,1,1,1,1,1,3,2,3,2,2,2,7,7
STUDENT101,1,2,2,4,2,2,2,1,2,3,4,1,2,1,3,3,2,2,2,1,1,1,1,1,2,2,2,1,3,3,7,6
STUDENT102,1,2,2,4,2,2,1,2,1,3,2,3,1,1,2,4,2,2,2,1,1,1,1,1,3,3,2,1,2,3,7,7
STUDENT103,1,2,2,3,2,2,1,1,1,2,3,1,1,2,4,4,2,2,2,2,1,1,1,1,3,1,2,1,3,4,7,7
STUDENT104,1,2,1,4,2,2,1,5,1,2,1,3,4,1,2,1,2,3,2,1,1,1,1,1,2,2,3,2,4,4,7,7
STUDENT105,1,1,2,3,2,2,2,1,2,2,4,4,1,1,3,2,2,2,2,1,1,1,1,1,2,3,2,2,1,1,7,3
STUDENT106,1,2,2,4,1,1,2,1,1,1,2,2,4,1,2,4,2,3,2,1,1,2,1,2,2,1,3,1,3,3,7,7
STUDENT107,1,2,2,4,2,1,2,1,1,2,2,2,1,1,2,1,3,2,2,1,1,1,3,2,2,2,2,1,4,4,7,7
STUDENT108,1,1,2,4,1,1,2,1,1,3,1,3,5,1,2,4,2,2,2,1,1,1,2,1,2,3,2,1,4,2,7,6
STUDENT109,2,1,1,5,2,1,2,2,2,1,1,2,1,3,1,5,3,3,2,1,1,2,1,1,2,3,1,2,3,3,7,6
STUDENT110,1,2,1,3,2,1,1,1,2,2,4,4,2,3,2,5,3,2,2,1,1,1,2,2,3,2,3,1,4,4,7,7
STUDENT111,2,2,2,3,2,2,2,2,4,2,4,4,2,2,1,5,2,2,2,1,1,2,1,1,2,2,2,1,2,3,8,2
STUDENT112,1,1,1,5,2,1,2,1,1,2,3,3,1,1,3,2,1,2,2,2,2,1,1,1,3,1,3,3,4,3,8,2
STUDENT113,2,1,3,3,1,2,2,1,3,3,1,1,2,1,2,1,1,1,1,2,3,1,2,1,3,3,3,1,4,2,8,2
STUDENT114,2,1,3,3,2,2,2,1,4,2,4,4,1,1,3,2,2,2,3,2,3,2,2,1,2,2,1,1,1,2,8,1
STUDENT115,2,1,2,5,1,1,2,4,1,1,1,1,1,1,2,1,2,2,2,2,2,1,1,1,2,2,1,2,1,1,8,2
STUDENT116,2,1,2,5,1,2,1,1,1,1,1,1,2,1,2,2,3,3,2,2,3,1,2,2,3,2,3,2,2,2,8,1
STUDENT117,2,1,2,5,2,2,2,1,1,1,1,1,5,1,2,4,3,3,3,2,1,1,1,1,3,3,3,1,2,3,8,1
STUDENT118,3,1,1,3,2,1,2,1,1,2,4,4,1,1,1,3,2,2,3,2,1,2,1,1,2,3,2,1,2,3,8,1
STUDENT119,1,2,2,5,2,1,1,1,4,2,1,2,3,1,4,4,1,2,2,1,1,1,3,1,3,3,2,2,3,3,8,1
STUDENT120,2,1,2,4,2,1,2,1,1,2,3,3,2,3,2,5,5,2,2,1,1,1,1,2,2,2,3,1,3,3,8,2
STUDENT121,2,1,1,3,1,1,1,2,2,3,3,3,2,1,3,4,1,1,1,1,1,2,2,1,3,3,3,2,2,2,8,1
STUDENT122,2,1,2,3,1,1,1,1,2,1,1,1,5,3,2,4,5,3,3,1,3,1,2,1,1,1,1,1,1,1,8,0
STUDENT123,1,2,2,5,2,1,2,1,1,1,3,3,2,1,2,1,2,1,2,1,2,1,2,1,3,2,2,1,4,3,8,2
STUDENT124,2,1,3,3,2,2,2,3,1,1,3,2,4,1,1,1,2,2,3,2,1,1,1,1,3,3,2,1,1,1,8,1
STUDENT125,1,1,2,4,1,1,1,1,1,3,2,3,2,1,4,3,4,2,2,2,1,1,2,2,3,3,2,1,3,3,9,3
STUDENT126,1,1,2,5,1,1,2,1,1,3,1,1,5,1,2,3,3,2,3,2,1,1,1,2,3,2,3,1,1,3,9,2
STUDENT127,1,1,1,4,1,1,1,3,2,3,4,6,2,1,4,3,4,2,3,1,1,1,2,1,3,3,3,1,2,2,9,3
STUDENT128,1,1,2,4,2,2,2,1,4,3,3,2,2,1,3,4,2,1,1,2,1,1,1,1,3,2,2,1,2,2,9,1
STUDENT129,1,1,2,4,2,1,1,1,4,3,3,4,2,1,4,2,2,1,1,2,1,1,1,1,3,2,2,1,2,2,9,0
STUDENT130,1,1,2,3,1,1,2,1,1,1,1,1,3,1,2,4,4,2,3,2,1,1,2,2,3,2,3,2,2,3,9,3
STUDENT131,1,1,2,3,1,1,2,1,1,1,1,2,3,1,2,4,4,2,2,2,1,1,1,2,3,1,3,2,2,3,9,1
STUDENT132,1,1,1,5,2,1,2,1,2,2,4,3,1,1,3,2,4,1,3,2,1,1,1,2,3,2,3,1,5,3,9,4
STUDENT133,1,1,1,5,2,1,2,1,1,2,1,2,3,1,2,1,2,2,3,2,1,1,2,1,3,2,3,1,5,4,9,3
STUDENT134,1,1,2,5,2,2,1,1,1,1,1,1,1,1,2,3,3,1,2,2,1,1,1,1,3,3,3,2,5,3,9,3
STUDENT135,1,1,2,4,2,1,2,1,2,3,1,1,2,1,4,3,2,2,2,2,1,1,1,1,2,1,2,1,2,3,9,1
STUDENT136,2,1,2,3,1,1,2,1,4,2,3,3,1,1,2,1,2,3,2,1,3,1,1,1,3,3,2,1,3,2,9,2
STUDENT137,1,1,2,3,1,1,1,1,2,3,3,3,3,1,3,4,2,2,2,2,1,1,3,1,3,2,2,1,2,2,9,0
STUDENT138,1,1,1,5,2,1,2,1,1,1,2,2,2,1,2,1,2,2,2,1,1,1,1,1,3,1,3,1,2,4,9,2
STUDENT139,1,1,2,4,1,1,1,5,2,3,3,1,1,2,4,5,2,2,3,2,3,1,2,1,3,2,3,1,1,3,9,0
STUDENT140,1,1,2,4,1,2,1,2,2,3,3,3,1,1,5,4,1,1,2,2,1,2,2,1,2,3,2,1,1,2,9,0
STUDENT141,2,1,2,3,1,1,2,1,1,2,1,2,2,2,2,4,3,3,2,1,1,1,1,1,2,1,2,1,3,3,9,5
STUDENT142,1,1,2,4,2,2,2,1,4,2,1,1,5,1,2,1,3,2,2,2,1,2,1,1,3,2,2,1,5,3,9,5
STUDENT143,1,1,1,4,2,2,2,1,1,1,3,4,4,1,2,4,2,2,2,1,1,1,1,1,3,3,2,1,4,3,9,1
STUDENT144,2,1,2,4,1,1,1,5,2,3,4,4,1,1,3,3,2,2,1,1,1,1,2,1,2,1,2,1,5,3,9,4
STUDENT145,1,1,1,5,2,2,2,3,1,1,3,1,5,1,2,4,3,1,1,1,1,1,2,1,3,2,3,1,5,4,9,3
STUDENT146,1,1,3,2,2,2,1,5,4,4,1,1,5,3,2,3,1,1,1,1,3,1,1,2,3,1,1,1,4,4,5,4
STUDENT147,2,2,2,4,1,1,2,1,1,1,2,6,3,1,1,4,1,2,1,1,2,2,3,3,1,3,1,1,1,4,4,3
STUDENT148,1,1,3,1,2,1,1,4,4,2,2,2,1,3,5,5,3,3,1,2,2,1,3,3,3,1,1,2,5,1,4,2
STUDENT149,1,1,1,5,1,2,1,3,2,4,2,1,3,3,1,1,5,2,2,1,2,1,3,2,3,2,1,3,5,4,7,2
STUDENT150,1,1,3,1,2,2,2,3,4,1,3,4,1,3,3,1,3,1,1,2,2,2,3,1,3,2,2,2,2,3,8,6
STUDENT151,1,2,3,1,2,2,2,5,4,4,3,2,5,1,3,4,2,2,3,1,1,2,3,3,2,2,1,3,2,3,7,7
STUDENT152,3,1,3,5,2,2,1,3,4,2,5,4,4,1,1,5,5,1,1,1,1,2,3,1,3,1,2,2,1,4,1,6
STUDENT153,3,1,3,4,1,1,1,5,1,2,6,2,3,2,5,3,5,1,3,2,1,1,2,2,1,3,2,1,2,1,8,4
STUDENT154,2,2,3,1,2,1,2,5,4,1,6,3,2,2,4,2,1,2,1,1,3,2,3,2,2,1,3,3,3,1,5,2
STUDENT155,2,1,2,4,1,2,1,3,3,2,2,6,1,2,2,5,4,1,1,2,1,1,2,3,1,3,3,1,1,4,7,1
STUDENT156,3,2,2,5,2,2,1,2,4,1,5,4,3,2,3,1,3,1,2,1,3,1,3,3,1,3,2,3,5,2,5,1
STUDENT157,2,1,1,4,1,1,2,5,2,3,4,5,4,2,3,1,1,2,2,1,2,2,2,3,3,3,2,2,4,3,6,1
STUDENT158,2,1,3,1,2,1,2,1,4,4,2,4,1,1,4,2,2,3,3,1,2,2,2,3,2,3,3,1,5,4,3,7
STUDENT159,2,1,1,2,2,2,1,1,4,1,4,4,1,2,3,1,3,3,1,2,2,2,1,2,1,3,3,3,4,2,2,2
STUDENT160,1,2,3,2,1,1,2,4,2,3,3,2,1,2,5,4,2,3,2,2,2,1,3,3,2,3,2,1,3,3,6,5
STUDENT161,2,2,1,1,1,1,1,5,1,3,4,5,5,3,5,1,1,2,1,2,2,2,2,2,2,1,2,2,3,2,3,4
STUDENT162,1,2,3,5,1,1,1,1,3,3,1,5,3,1,4,2,2,3,2,1,1,1,3,3,3,1,3,2,1,4,6,4
STUDENT163,2,1,2,2,1,1,2,2,1,2,3,6,1,3,5,2,3,2,3,1,2,2,1,1,2,2,2,1,1,4,1,2
STUDENT164,3,2,3,2,1,1,1,1,1,3,4,4,2,1,4,5,3,3,2,1,2,1,2,3,3,3,2,2,5,2,8,5
STUDENT165,3,2,3,5,2,1,1,3,1,2,4,1,3,1,5,5,1,2,2,2,1,2,3,3,1,1,3,2,2,2,3,0
STUDENT166,3,1,2,1,1,1,2,3,2,4,2,2,5,3,1,1,3,1,1,1,3,1,3,3,3,1,1,3,3,3,4,1
STUDENT167,2,1,3,3,1,2,1,3,1,1,3,2,1,3,4,4,3,3,2,2,3,2,1,1,1,2,1,3,3,3,1,3
STUDENT168,1,2,1,1,1,1,1,2,3,1,4,3,3,3,1,5,3,3,3,2,2,2,3,2,1,1,3,3,3,2,6,7
STUDENT169,1,1,3,4,2,2,1,3,2,4,2,4,4,2,3,1,2,3,2,1,3,1,3,1,1,3,1,1,2,1,2,2
STUDENT170,1,2,2,4,1,2,2,1,2,1,6,5,1,2,5,2,2,1,3,1,1,2,2,1,3,1,2,3,2,2,3,2
STUDENT171,3,1,1,3,1,1,2,2,2,1,5,5,5,2,1,3,2,2,1,2,2,2,2,1,2,3,1,3,5,4,2,0
STUDENT172,1,1,3,1,2,1,2,1,2,4,5,6,5,2,2,1,4,1,1,2,1,2,2,2,3,1,3,1,2,3,2,4
STUDENT173,1,2,2,2,2,2,1,1,1,3,2,3,1,2,5,1,2,2,2,1,2,2,1,1,1,2,1,1,1,4,2,3
STUDENT174,3,1,2,5,1,1,2,3,4,4,4,2,1,1,2,1,1,2,1,1,1,2,2,1,1,3,2,3,4,1,8,1
STUDENT175,1,1,2,4,1,2,2,3,1,3,3,1,3,1,1,3,4,2,1,1,1,2,2,1,2,2,2,1,4,1,7,1
STUDENT176,3,2,3,5,2,1,2,3,1,1,6,6,1,1,2,2,3,3,1,2,2,2,2,3,2,1,3,3,4,4,3,7
STUDENT177,3,1,2,2,1,2,1,1,1,2,2,1,2,2,1,3,3,2,2,2,1,2,2,2,3,3,3,3,2,4,3,1
STUDENT178,2,1,2,1,2,2,2,4,3,4,6,6,4,3,2,5,2,2,2,1,1,1,1,3,3,1,3,2,4,3,3,6
STUDENT179,3,1,1,3,1,1,2,1,2,2,2,6,4,1,1,3,2,1,2,2,1,2,1,2,2,3,3,2,4,1,9,4
STUDENT180,3,1,1,1,1,1,1,5,2,3,4,5,5,3,5,4,3,2,2,2,3,2,2,1,2,2,3,3,5,2,5,4
STUDENT181,2,1,3,4,1,1,1,4,1,4,6,3,5,3,4,3,4,2,1,2,3,1,2,3,2,3,2,2,2,2,4,2
STUDENT182,3,1,3,5,1,2,1,1,1,3,3,2,3,2,4,5,2,1,2,1,3,2,2,3,3,1,3,2,5,1,7,0
STUDENT183,1,2,1,5,2,1,2,4,4,3,4,3,3,1,4,3,2,3,1,1,3,1,3,3,1,3,2,1,5,3,7,3
STUDENT184,1,2,2,4,1,1,2,3,4,4,1,2,3,3,4,5,3,2,1,2,3,2,2,3,1,1,3,3,3,3,5,2
STUDENT185,2,1,2,2,2,2,2,4,2,3,3,4,1,1,5,5,2,3,2,1,2,2,3,2,2,2,2,3,5,4,2,2
STUDENT186,1,1,2,2,1,2,1,4,2,3,5,2,2,3,2,4,1,1,1,1,2,1,2,3,1,3,3,3,2,3,5,4
STUDENT187,3,1,1,5,1,2,1,4,1,2,4,6,1,2,5,3,5,1,1,1,2,2,3,2,1,3,3,1,3,3,6,5
STUDENT188,3,2,1,2,2,2,2,1,3,3,5,5,5,3,2,3,1,2,3,2,1,2,1,2,1,2,3,2,5,2,8,6
STUDENT189,3,2,3,4,2,2,2,4,2,3,2,6,2,1,4,1,5,2,2,2,3,1,3,1,3,1,2,2,2,1,7,5
STUDENT190,1,2,2,4,1,2,2,3,1,4,2,3,4,2,3,2,2,3,1,1,1,1,3,3,3,2,1,3,2,4,4,7
STUDENT191,3,2,2,1,1,1,2,2,1,3,2,3,3,1,3,1,5,2,2,2,3,2,1,2,1,1,3,2,2,2,8,1
STUDENT192,1,1,1,1,1,1,1,3,2,4,3,1,3,1,4,1,1,3,3,2,3,1,1,2,1,2,2,2,3,3,2,3
STUDENT193,1,2,2,4,1,2,1,1,1,3,1,6,3,3,4,4,4,2,3,2,1,1,1,2,2,2,2,1,1,3,5,0
STUDENT194,1,1,2,1,1,1,1,2,2,4,3,6,3,3,3,5,2,2,1,1,3,1,3,2,3,3,1,1,5,1,3,0
STUDENT195,2,2,2,5,1,2,1,3,4,2,6,1,2,3,5,2,2,3,2,1,2,2,1,1,2,3,3,2,2,3,1,3
STUDENT196,2,1,1,4,1,1,1,4,3,1,4,3,5,3,4,5,1,3,1,1,2,1,1,3,3,2,1,2,2,3,1,4
STUDENT197,2,2,2,2,2,1,1,2,2,1,5,1,5,1,5,4,5,3,1,1,2,2,3,2,1,1,2,3,1,1,5,6
STUDENT198,2,1,3,2,1,2,2,1,3,3,1,4,5,2,4,5,4,1,3,1,3,1,2,3,1,1,3,3,1,1,3,7
STUDENT199,3,1,1,2,1,1,2,1,1,4,6,3,4,3,4,1,2,2,3,1,3,1,2,2,3,3,1,2,2,2,4,3
STUDENT200,2,2,1,2,2,1,1,2,4,4,6,6,1,3,3,3,3,3,3,1,1,2,1,3,3,2,2,3,5,2,5,0
STUDENT201,1,1,3,5,1,1,2,2,3,4,2,4,5,3,5,4,5,3,3,1,1,1,1,3,2,1,3,2,4,3,7,0
STUDENT202,3,1,1,1,2,1,1,4,1,2,4,3,5,3,5,5,1,2,1,2,3,2,2,1,1,2,2,3,1,4,3,1
STUDENT203,1,1,2,1,2,2,2,1,1,3,2,1,5,3,5,4,1,2,1,1,1,1,2,3,2,3,3,2,4,4,7,4
STUDENT204,3,1,2,4,2,2,1,1,2,2,4,6,1,2,4,4,3,3,1,2,1,2,2,1,3,1,3,2,1,1,1,3
STUDENT205,3,1,3,4,2,2,1,3,2,4,5,2,5,2,2,2,5,2,3,1,2,2,2,2,1,3,1,2,1,4,6,4
STUDENT206,3,2,3,2,2,1,1,2,1,2,1,4,4,3,2,4,5,2,2,1,3,1,3,2,3,3,3,2,2,1,4,5
STUDENT207,3,1,2,5,1,1,1,1,4,2,5,6,3,2,1,2,2,1,3,1,2,1,3,2,3,2,3,3,4,1,6,4
STUDENT208,1,2,3,2,2,1,1,3,4,2,4,4,3,3,4,3,4,3,3,1,2,1,1,3,2,1,3,2,1,3,8,5
STUDENT209,2,1,1,1,2,2,2,2,4,4,3,3,1,3,4,1,2,3,1,1,2,1,3,3,1,2,3,3,2,3,1,4
STUDENT210,2,2,2,4,1,2,2,1,2,4,3,3,3,2,4,5,4,1,1,1,2,1,1,3,1,2,1,1,5,4,4,5
STUDENT211,1,1,2,4,2,2,1,2,2,2,2,3,4,3,3,4,3,1,3,1,2,1,1,3,1,2,2,2,2,4,6,2
STUDENT212,2,1,2,3,1,1,2,5,3,1,1,2,5,1,5,1,5,3,1,2,1,1,2,1,3,2,1,2,2,3,9,6
STUDENT213,3,2,1,2,2,2,2,4,2,3,5,1,2,1,5,4,3,1,3,1,1,2,2,2,3,3,3,3,2,3,4,5
STUDENT214,2,2,1,1,1,2,2,4,4,2,4,2,3,2,2,1,2,1,2,2,2,2,1,3,1,2,2,3,5,2,1,5
STUDENT215,3,1,3,1,2,1,2,4,2,3,4,6,1,1,4,2,1,3,2,1,2,1,3,1,3,3,1,1,2,2,8,3
STUDENT216,3,1,3,1,1,1,2,2,4,2,5,1,4,1,4,5,1,1,2,2,3,1,2,1,2,1,3,3,1,3,7,7
STUDENT217,2,1,2,4,1,2,2,1,3,3,4,5,2,1,1,3,4,2,1,2,1,2,3,3,1,2,3,1,2,2,1,0
STUDENT218,1,1,2,1,2,2,1,5,4,1,2,1,3,2,3,2,1,3,3,1,2,1,2,2,3,1,3,3,3,2,8,3
STUDENT219,3,1,2,2,2,1,2,2,1,2,6,2,4,3,1,5,2,3,1,1,1,1,2,1,2,3,1,3,2,4,3,5
STUDENT220,2,1,1,1,1,1,2,4,3,4,2,3,3,3,5,2,5,3,2,1,2,2,1,1,3,1,2,3,1,1,5,4
STUDENT221,2,1,2,1,1,1,1,1,2,4,5,1,2,3,4,5,5,1,2,2,2,1,3,3,3,3,1,2,1,3,5,7
STUDENT222,2,2,1,5,1,2,1,1,4,3,5,2,2,3,2,4,3,2,1,1,2,2,2,3,2,1,2,2,1,4,4,2
STUDENT223,1,2,1,5,1,1,2,2,2,4,3,3,3,2,1,3,1,1,1,2,1,1,2,3,2,3,1,1,2,2,9,4
STUDENT224,2,2,1,1,2,2,2,2,2,3,4,6,1,2,4,1,2,1,1,1,2,1,3,3,2,2,2,1,4,2,3,7
STUDENT225,1,1,3,4,1,2,1,5,1,2,4,6,5,2,4,2,4,2,1,2,2,1,1,2,3,1,3,2,4,3,6,3
STUDENT226,1,2,3,1,1,2,2,1,2,1,5,6,1,2,2,2,2,2,1,1,3,1,3,2,3,2,2,3,3,3,8,2
STUDENT227,1,1,2,3,2,2,1,5,2,3,2,2,3,3,3,5,5,3,3,2,1,2,3,3,1,2,2,2,5,2,4,0
STUDENT228,1,2,2,4,2,1,1,4,4,4,2,1,4,2,5,4,1,1,3,1,3,2,3,1,3,1,3,1,3,4,8,2
STUDENT229,1,2,1,3,2,2,2,3,3,4,3,2,1,1,1,3,3,1,3,1,3,2,1,2,1,1,3,1,5,3,9,2
STUDENT230,2,1,2,2,1,2,1,1,4,3,4,6,1,1,2,2,3,1,2,1,3,1,3,1,3,3,3,3,2,2,2,4
STUDENT231,2,1,1,3,2,1,1,5,3,3,3,5,1,3,2,4,4,2,3,2,2,1,2,1,3,2,3,2,4,2,7,5
STUDENT232,3,2,3,4,2,1,2,5,2,2,3,5,2,1,3,4,2,1,3,1,1,2,3,3,1,3,2,2,3,1,4,5
STUDENT233,3,2,3,5,2,2,2,5,2,4,5,1,4,3,2,4,5,3,3,1,3,1,1,2,1,2,1,3,5,3,5,2
STUDENT234,3,1,2,5,1,2,2,2,3,1,1,2,1,3,4,3,4,1,1,1,3,1,2,1,1,2,2,1,5,4,2,6
STUDENT235,3,2,1,3,1,2,1,3,2,3,1,3,2,1,1,4,4,2,2,1,2,2,2,2,1,2,3,2,4,1,9,4
STUDENT236,2,1,1,3,1,2,2,5,1,1,6,5,5,1,3,3,3,1,3,1,2,1,1,2,2,1,1,1,2,3,3,5
STUDENT237,3,2,3,4,2,2,2,1,4,3,4,1,2,1,2,2,5,2,1,2,3,1,2,3,2,1,2,3,5,1,8,4
STUDENT238,2,2,1,1,2,2,1,5,4,1,2,6,1,2,5,2,2,2,3,1,3,2,1,1,2,1,1,2,3,4,4,1
STUDENT239,3,1,2,3,2,1,2,4,2,1,6,3,4,3,1,1,5,1,1,2,1,2,1,3,3,3,2,1,4,2,3,4
STUDENT240,1,1,2,5,1,2,2,4,2,2,1,3,4,1,2,1,2,3,1,2,3,2,1,2,1,3,3,3,5,2,2,6
STUDENT241,2,2,3,3,2,2,2,5,2,1,1,3,5,3,4,3,5,3,2,1,1,2,1,1,2,2,3,2,1,2,5,3
STUDENT242,3,2,2,1,2,2,2,5,3,1,6,6,2,3,4,5,3,3,3,1,3,2,2,3,3,2,3,1,2,3,6,6
STUDENT243,1,2,3,3,2,1,2,1,2,4,5,2,2,1,3,3,1,3,3,2,1,1,1,3,2,1,2,2,5,2,4,1
STUDENT244,2,1,1,4,2,1,1,4,4,1,2,5,4,2,4,2,5,3,3,2,1,1,3,2,3,3,2,1,4,4,3,2
STUDENT245,3,2,1,4,2,2,2,4,4,3,2,2,3,1,2,3,4,3,2,1,1,2,1,3,3,2,2,1,3,4,6,1
STUDENT246,2,1,1,5,2,1,2,5,1,3,6,2,4,2,2,4,3,2,1,1,1,2,2,2,3,1,3,1,3,3,9,2
STUDENT247,2,2,3,5,1,2,1,2,1,4,5,2,1,3,2,5,3,1,1,2,3,2,3,3,1,3,2,2,4,3,8,7
STUDENT248,2,2,3,2,2,1,1,5,4,3,6,3,1,1,3,2,2,1,2,1,2,1,2,2,1,3,3,3,4,4,3,3
STUDENT249,3,2,1,5,1,1,2,3,3,1,1,1,3,2,2,5,1,2,3,2,3,2,3,3,2,2,2,3,5,3,3,6
STUDENT250,1,2,3,2,2,2,2,4,1,2,1,3,5,2,5,3,2,3,1,2,1,1,3,2,3,2,2,3,2,2,6,2
STUDENT251,3,2,3,1,2,2,1,4,3,2,6,3,2,2,4,2,3,2,2,1,2,1,1,2,2,1,2,2,3,4,8,6
STUDENT252,3,2,3,1,1,1,1,5,2,1,5,5,4,1,4,4,4,2,1,1,1,1,3,1,1,1,3,1,5,4,9,0
STUDENT253,2,1,3,3,2,2,2,1,1,2,3,5,4,3,2,2,1,1,1,1,1,2,3,2,2,1,1,3,1,3,2,7
STUDENT254,3,1,2,3,2,2,1,5,3,1,3,3,5,3,5,2,1,2,1,2,2,2,1,1,3,1,1,2,2,4,7,5
STUDENT255,3,1,1,1,1,1,1,2,3,4,2,1,3,1,1,3,5,1,3,2,2,1,1,2,1,3,2,2,1,2,5,5
STUDENT256,3,2,2,2,2,1,2,5,4,2,2,5,5,2,1,4,1,2,3,2,2,2,1,3,1,3,1,2,3,4,6,2
STUDENT257,2,2,2,2,2,2,2,5,3,2,6,1,5,2,1,1,2,3,2,2,2,2,2,2,3,3,3,1,1,3,6,4
STUDENT258,3,2,1,2,1,2,1,5,3,1,4,3,4,1,2,1,3,3,2,2,1,2,1,2,1,2,2,3,1,3,7,1
STUDENT259,1,1,2,2,1,1,1,1,3,1,3,2,5,2,5,3,2,3,2,1,3,1,2,2,1,3,1,1,3,1,7,3
STUDENT260,3,1,2,1,1,2,1,5,3,3,6,2,3,2,1,1,3,2,3,2,2,2,1,2,2,1,2,1,1,4,7,4
STUDENT261,1,1,3,1,1,1,2,5,1,1,3,2,1,1,2,2,1,3,3,2,3,2,1,1,1,3,1,2,3,3,9,3
STUDENT262,3,1,1,4,2,1,1,2,3,3,1,3,2,3,4,5,4,2,3,1,3,2,1,1,1,3,2,3,4,3,2,4
STUDENT263,1,1,3,2,1,1,1,4,3,1,5,4,5,1,5,3,3,3,1,2,2,1,3,3,2,2,2,1,2,4,3,2
STUDENT264,1,1,1,2,1,2,1,5,1,3,6,2,1,3,3,1,2,3,1,2,2,1,1,1,1,3,3,1,4,2,9,2
STUDENT265,1,2,3,3,1,2,2,3,1,3,2,1,3,3,2,4,4,1,2,1,3,2,1,2,2,2,2,2,2,2,1,4
STUDENT266,2,1,2,2,2,1,2,3,4,2,5,1,4,2,5,4,4,3,3,1,3,1,2,1,2,1,3,3,2,4,3,4
STUDENT267,2,2,1,1,1,2,1,2,1,3,6,5,3,3,4,3,1,3,2,2,1,2,3,2,2,2,3,3,4,2,4,5
STUDENT268,1,1,1,5,2,2,1,3,4,2,5,3,2,1,4,1,4,2,2,1,3,1,3,1,2,2,1,3,2,3,6,4
STUDENT269,2,1,2,2,2,2,2,4,3,3,2,4,5,1,5,4,2,1,2,2,1,2,1,2,1,3,3,2,2,3,8,3
STUDENT270,3,1,1,2,2,1,2,3,3,3,3,5,4,1,3,1,3,2,3,2,2,2,1,1,3,3,1,2,4,4,4,3
STUDENT271,2,1,1,4,2,1,2,5,1,4,3,3,2,1,5,5,4,1,2,2,1,1,1,2,3,2,1,3,5,2,2,3
STUDENT272,2,1,1,5,1,1,1,4,1,3,3,1,5,2,5,4,2,1,2,1,1,1,2,1,2,1,3,1,3,3,8,5
STUDENT273,2,1,3,1,2,1,1,3,2,1,5,5,3,1,3,1,5,1,2,2,1,1,2,3,2,3,3,3,3,4,7,4
STUDENT274,3,2,1,4,2,2,1,5,4,4,3,5,5,1,3,1,2,3,2,1,3,1,2,3,3,1,3,1,4,2,7,4
STUDENT275,3,1,3,5,1,2,2,5,2,2,6,5,4,2,1,1,2,2,1,1,2,1,2,1,3,2,3,1,5,1,1,5
STUDENT276,3,2,2,4,2,1,1,4,2,4,5,2,1,3,3,2,3,1,1,1,3,2,2,3,3,2,3,3,4,3,3,6
STUDENT277,1,2,2,4,2,1,1,4,4,1,2,1,5,2,2,2,4,3,1,2,2,1,1,2,2,2,1,1,5,1,4,1
STUDENT278,1,1,1,5,2,2,1,3,2,4,1,2,5,2,3,2,5,3,3,1,1,2,1,2,1,3,1,1,1,3,7,1
STUDENT279,3,1,2,4,1,2,2,5,1,2,4,4,3,2,2,4,2,1,2,2,3,2,2,3,2,2,2,3,3,2,8,4
STUDENT280,1,2,2,3,1,1,2,2,3,3,4,2,3,1,4,1,1,2,2,2,2,2,3,3,2,2,3,1,4,1,3,2
STUDENT281,2,1,1,2,1,1,1,4,1,1,1,6,3,1,5,5,2,2,3,1,1,1,3,2,2,2,2,3,3,2,5,3
STUDENT282,3,2,1,5,2,2,2,5,1,3,5,2,1,3,4,3,4,2,1,2,3,1,1,1,2,3,2,1,4,3,2,5
STUDENT283,2,2,2,2,1,1,2,4,4,2,1,6,3,1,5,4,4,1,2,2,2,2,3,1,3,2,1,1,4,2,4,6
STUDENT284,1,2,1,3,1,1,2,2,2,3,5,4,5,2,5,1,2,3,1,2,2,2,1,2,3,2,3,2,4,2,7,0
STUDENT285,1,2,2,3,2,1,2,1,4,2,4,3,1,1,2,2,4,3,3,1,3,2,1,2,1,3,3,3,3,1,4,3
STUDENT286,2,2,3,3,2,1,1,5,1,2,1,1,5,1,3,3,3,3,3,2,3,1,2,2,3,1,3,3,3,4,5,2
STUDENT287,1,1,2,5,2,2,2,4,3,1,1,3,4,1,2,3,1,2,2,1,2,1,3,3,3,3,3,1,5,4,2,2
STUDENT288,1,2,1,5,1,1,1,4,3,3,2,1,2,2,3,5,4,3,2,2,3,1,1,3,3,3,2,2,2,4,8,1
STUDENT289,3,2,3,1,2,1,1,5,1,2,6,3,3,2,5,3,1,1,2,1,2,1,3,1,2,3,2,3,2,2,3,1
STUDENT290,1,2,1,3,2,1,1,4,1,2,6,4,4,2,4,2,5,3,2,2,3,2,3,1,3,1,3,1,1,4,1,1
STUDENT291,3,1,1,5,2,1,2,1,1,3,1,6,4,1,1,4,3,1,2,1,2,2,2,3,1,1,2,2,2,2,9,7
STUDENT292,2,2,1,1,1,2,1,5,1,2,6,3,4,1,1,2,2,1,3,1,3,1,1,3,1,1,2,1,4,1,2,2
STUDENT293,2,2,1,3,2,2,2,2,4,3,4,2,3,1,3,3,3,1,3,1,1,1,2,1,2,2,3,2,1,2,4,1
STUDENT294,3,1,2,5,1,2,1,4,2,4,3,3,1,1,4,3,2,1,1,2,2,2,2,3,1,1,1,2,5,1,2,5
STUDENT295,1,2,3,1,1,2,2,1,4,2,2,2,2,2,2,2,4,3,3,2,1,2,1,2,3,2,1,2,1,3,9,5
STUDENT296,3,2,3,3,1,2,1,4,2,4,4,2,5,3,2,5,1,1,3,1,1,1,2,1,2,3,3,2,2,4,2,7
STUDENT297,1,1,1,5,2,1,2,1,1,3,2,6,1,1,4,2,5,1,3,2,3,1,3,3,3,1,1,1,3,3,4,7
STUDENT298,1,2,2,4,1,2,1,3,1,4,5,3,2,3,2,3,5,2,3,2,3,2,3,3,1,2,2,2,3,3,8,6
STUDENT299,2,1,1,3,2,2,2,4,1,4,1,3,4,1,5,2,5,3,2,2,1,2,2,3,1,1,3,2,2,4,1,1
STUDENT300,1,2,3,5,1,2,2,5,2,2,3,6,1,2,5,1,4,3,1,2,3,2,2,1,1,2,1,3,3,2,6,2
STUDENT301,3,2,3,5,1,1,1,1,3,3,3,5,5,2,4,3,1,3,1,2,2,1,1,1,3,2,2,3,3,3,1,0
STUDENT302,1,2,1,2,2,2,1,3,1,1,3,5,2,2,5,1,2,3,1,1,1,2,2,1,2,1,3,3,4,4,7,6
STUDENT303,1,1,3,3,1,1,1,5,3,2,4,2,3,1,2,5,1,3,1,1,1,1,2,1,1,2,3,3,1,3,2,1
STUDENT304,2,2,2,3,2,2,1,1,2,3,2,3,2,1,5,1,4,3,2,2,3,1,2,2,3,3,1,2,4,1,1,5
STUDENT305,3,1,1,5,1,1,1,2,4,2,6,4,1,2,5,3,1,1,2,2,1,1,2,3,1,3,3,2,3,1,2,0
STUDENT306,1,2,1,2,2,1,2,2,1,1,6,2,2,1,5,2,4,3,1,1,2,2,1,1,2,3,2,3,1,3,8,4
STUDENT307,1,2,3,5,2,1,1,4,1,1,2,5,5,1,4,5,3,3,1,1,1,2,1,3,1,3,2,3,4,1,7,6
STUDENT308,2,1,2,4,2,1,1,3,1,2,2,2,1,1,5,5,4,1,2,2,3,1,1,1,3,2,1,3,3,4,7,7
STUDENT309,1,1,2,5,1,2,2,4,4,1,6,1,3,1,5,3,5,2,1,2,2,2,3,3,3,3,2,3,5,4,1,5
STUDENT310,2,1,1,4,1,2,2,1,1,4,6,3,2,2,2,3,1,1,2,2,3,2,3,3,1,2,2,1,4,2,7,0
STUDENT311,3,2,2,4,2,1,2,4,2,3,1,6,5,3,4,5,4,1,2,2,2,1,2,3,1,1,1,3,3,4,7,2
STUDENT312,2,1,2,5,1,1,2,4,3,3,6,2,3,3,4,2,1,1,3,2,1,2,3,3,3,2,1,1,4,3,9,1
STUDENT313,1,1,2,1,2,2,2,3,2,4,5,3,4,3,2,2,3,3,1,2,3,1,1,2,3,1,2,3,4,1,5,4
STUDENT314,2,2,2,2,1,2,2,4,1,3,6,1,2,3,1,2,1,3,3,2,1,2,3,2,3,2,3,2,5,1,8,4
STUDENT315,3,2,3,2,2,1,2,2,2,1,6,2,1,1,5,3,2,3,1,2,1,1,2,3,1,1,1,3,4,4,4,5
STUDENT316,2,1,3,1,2,2,2,1,4,1,4,6,3,2,4,4,4,2,2,1,2,2,3,3,1,1,2,1,3,3,5,3
STUDENT317,3,2,3,3,1,2,2,3,1,3,2,2,3,3,1,3,2,2,3,2,2,2,1,1,3,1,3,2,2,2,6,4
STUDENT318,3,2,1,4,2,2,1,1,2,2,6,5,4,2,5,1,4,1,3,1,3,2,1,1,3,1,2,1,3,2,2,6
STUDENT319,3,1,3,4,2,2,1,4,4,2,4,3,1,2,4,3,4,2,3,2,2,2,3,3,1,1,1,3,5,2,9,5
STUDENT320,3,2,3,4,2,2,2,5,4,2,5,6,2,2,5,4,3,2,3,2,1,1,2,1,1,3,2,3,4,4,9,0
STUDENT321,3,2,2,4,1,1,2,5,1,1,5,3,3,1,4,4,1,2,3,1,1,2,1,3,2,3,3,1,3,3,9,5
STUDENT322,1,2,1,1,2,2,1,3,3,4,6,4,4,1,2,3,4,3,2,2,3,1,2,2,2,1,2,1,3,3,6,0
STUDENT323,1,2,3,3,1,1,1,2,4,4,3,3,3,2,5,3,2,3,3,2,3,1,2,2,1,1,3,2,2,3,9,1
STUDENT324,2,2,2,3,2,2,1,1,2,2,1,4,4,3,4,4,3,2,1,1,1,2,2,3,2,2,3,3,4,2,6,6
STUDENT325,1,1,1,5,2,2,2,1,2,1,5,4,5,1,5,1,1,2,1,2,3,1,3,1,1,3,1,2,3,4,6,7
STUDENT326,1,1,3,5,2,1,1,3,3,3,1,3,5,3,5,1,2,2,2,2,3,1,1,1,3,1,2,3,1,1,9,4
STUDENT327,1,2,3,1,2,1,2,4,3,3,1,1,4,3,4,1,5,1,3,1,3,1,3,1,2,2,2,1,2,1,9,4
STUDENT328,3,1,3,1,2,1,2,1,1,2,1,3,3,2,4,2,2,2,3,2,1,1,2,2,1,1,1,2,3,4,7,2
STUDENT329,3,2,1,4,1,2,1,4,1,3,1,3,3,3,5,4,1,1,1,1,3,1,3,3,3,2,3,1,3,2,8,3
STUDENT330,2,1,3,3,1,2,1,2,1,4,5,3,1,1,3,1,5,3,3,2,1,2,3,3,3,2,2,1,2,4,5,6
STUDENT331,1,1,3,1,1,2,1,5,2,4,4,4,4,1,1,3,1,1,1,1,2,1,1,1,1,2,2,2,3,3,3,4
STUDENT332,2,1,2,5,2,1,1,3,1,4,4,1,2,3,3,3,3,1,3,2,2,1,1,2,2,3,3,2,4,1,1,4
STUDENT333,3,1,1,3,2,1,2,3,2,2,5,4,5,1,3,1,5,1,3,2,3,1,3,1,1,1,2,1,4,1,6,0
STUDENT334,2,1,1,1,1,2,2,3,4,3,5,3,2,2,2,4,1,2,3,1,3,2,2,1,1,3,1,2,4,4,3,1
STUDENT335,2,2,1,2,2,1,2,3,2,2,2,5,2,2,4,2,3,2,2,1,2,2,1,2,2,2,1,1,3,1,8,7
STUDENT336,2,2,2,1,1,1,1,5,1,1,6,3,3,2,5,4,5,1,1,1,2,1,3,1,2,2,1,2,5,1,9,4
STUDENT337,2,2,2,4,1,1,2,1,4,3,3,4,2,2,5,3,2,1,1,1,2,2,1,1,1,2,2,2,2,4,7,2
STUDENT338,3,1,1,2,1,1,1,1,4,3,6,1,5,1,1,2,5,2,1,1,1,2,1,3,1,2,2,1,5,3,8,7
STUDENT339,3,2,2,1,1,1,1,2,4,3,6,3,1,3,2,1,5,3,2,2,1,1,2,2,1,2,2,2,3,3,7,0
STUDENT340,1,1,2,5,2,1,2,1,2,3,4,3,5,2,4,4,5,2,1,2,2,1,1,2,1,2,2,1,5,1,6,4
STUDENT341,3,2,3,1,2,2,1,5,3,3,1,5,1,2,2,4,4,3,2,2,3,1,1,1,2,3,2,2,4,3,4,6
STUDENT342,1,2,2,2,1,2,2,1,1,3,1,2,5,1,4,2,4,3,3,1,2,2,2,2,3,2,2,1,3,2,4,2
STUDENT343,3,2,2,3,2,2,1,2,1,1,5,5,3,1,4,2,2,3,2,1,2,1,1,2,2,2,1,2,5,2,1,0
STUDENT344,3,1,3,1,2,1,2,3,1,1,2,6,5,2,1,1,4,1,2,2,1,1,2,1,3,2,3,1,3,4,4,3
STUDENT345,2,1,2,1,2,2,1,3,3,1,4,4,1,1,1,2,3,2,3,2,3,1,3,1,1,2,2,1,2,2,6,2
